facility_id,state,condition_name,risk_tier,recommended_action,excess_ratio,penalty_cost,risk_score,readmission_rate,improvement_rate,hospital_rank_in_state,ai_insight,ai_recommendation
360072,OH,Hip/Knee Replacement,HIGH,URGENT: Strengthen post-surgical care coordination. Add physical therapy follow-up within 5 days.,1.6297,62937.0,100.0,162.32,62.97,1,"Hospital 360072 in Ohio has a significantly higher readmission rate compared to the national average, with a rate of 162.32% that is more than 60% above the national average. This disparity contributes to an estimated penalty cost of $62,937, underscoring the need for targeted interventions to improve patient outcomes and reduce readmissions.","Implement a standardized, evidence-based discharge planning protocol for patients undergoing hip/knee replacement surgery, specifically targeting the high-risk tier, to ensure comprehensive post-discharge support and reduce the likelihood of readmissions within 30 days."
140127,IL,Hip/Knee Replacement,HIGH,URGENT: Strengthen post-surgical care coordination. Add physical therapy follow-up within 5 days.,1.5827,58239.0,98.6,157.64,58.27,1,"The hospital with Facility ID 140127 has a significantly higher readmission rate compared to the national average, with a rate of 157.64% that is more than 57% higher than the national average. This excessive readmission rate translates to an estimated penalty cost of $58,239, highlighting the need for targeted interventions to improve patient outcomes.","Implement a comprehensive, data-driven discharge planning program that includes standardized, evidence-based protocols for post-operative care and follow-up appointments, with a specific focus on high-risk patients (Risk Tier: HIGH) who account for 98.6% of the hospital's risk score, aiming to reduce the readmission rate by at least 10% within the next 6 months."
220080,MA,Hip/Knee Replacement,HIGH,URGENT: Strengthen post-surgical care coordination. Add physical therapy follow-up within 5 days.,1.5658,56550.0,97.2,155.96,56.57,1,"Hospital 220080 in Massachusetts has a significantly higher readmission rate compared to the national average, with a rate of 155.96% that exceeds the national average by 55.96%. This translates to a higher Excess Readmission Ratio of 1.5658, indicating a higher likelihood of readmission among patients undergoing hip/knee replacement surgery.","Implement a standardized, evidence-based discharge planning protocol that incorporates patient education, medication reconciliation, and post-discharge follow-up to reduce readmissions by 10% within the next 6 months, focusing on high-risk patients (Risk Tier: HIGH) and leveraging the hospital's #1 rank in the state as a benchmark for improvement."
220073,MA,Hip/Knee Replacement,HIGH,URGENT: Strengthen post-surgical care coordination. Add physical therapy follow-up within 5 days.,1.5594,55910.0,96.6,155.32,55.94,2,"Hospital 220073 in Massachusetts has a significantly higher readmission rate compared to the national average, with a rate of 155.32% indicating a substantial excess readmission ratio of 1.5594. This performance is likely contributing to an estimated penalty cost of $55,910, highlighting the need for targeted interventions to improve patient outcomes.","Implement a comprehensive care transition program that includes standardized discharge planning, post-acute care coordination, and patient education to reduce readmissions by 10% within the next 6 months, aligning with the hospital's current improvement rate of 55.94%. This program should focus on high-risk patients (Risk Tier: HIGH) undergoing hip/knee replacement surgeries, with regular monitoring and evaluation to ensure the effectiveness of the interventions."
370019,OK,Hip/Knee Replacement,HIGH,URGENT: Strengthen post-surgical care coordination. Add physical therapy follow-up within 5 days.,1.5367,53641.0,94.7,153.06,53.67,1,"Hospital 370019 in Oklahoma has a significantly higher readmission rate compared to the national average, with a rate of 153.06% that exceeds the national average by 53.06 percentage points. This translates to an Excess Readmission Ratio of 1.5367, resulting in an estimated penalty cost of $53,641.","To address this issue, the hospital leadership team should consider implementing a comprehensive care transition program, focusing on standardized discharge planning and post-discharge follow-up for high-risk patients undergoing hip/knee replacement surgery, aiming to reduce the readmission rate by at least 10% within the next 6 months, which would translate to an improvement rate of 63.37% (53.67% + 10%)."
370025,OK,Hip/Knee Replacement,HIGH,URGENT: Strengthen post-surgical care coordination. Add physical therapy follow-up within 5 days.,1.5217,52142.0,93.5,151.57,52.17,2,"Hospital 370025 in Oklahoma has a significantly higher readmission rate compared to the national average, with a rate of 151.57% that exceeds the national average by more than 50%. This translates to an excess readmission ratio of 1.5217, indicating that the hospital has a substantial opportunity for improvement to reduce unnecessary readmissions and associated costs.","Implement a targeted discharge planning program that focuses on high-risk patients undergoing hip/knee replacement surgery, with a specific emphasis on post-discharge follow-up and medication management, aiming to reduce readmissions by at least 10% within the next 6 months."
100264,FL,Hip/Knee Replacement,HIGH,URGENT: Strengthen post-surgical care coordination. Add physical therapy follow-up within 5 days.,1.5196,51932.0,93.3,151.36,51.96,1,"Hospital 100264 in Florida has a significantly higher readmission rate compared to the national average, with a rate of 151.36% that is more than 50% above the national average. This level of excess readmission is associated with an estimated penalty cost of $51,932, highlighting the need for targeted interventions to improve patient outcomes.","Implement a comprehensive discharge planning program that includes a multidisciplinary team review of high-risk patients 24-48 hours prior to discharge, with a focus on medication reconciliation, post-operative instructions, and follow-up appointment scheduling, aiming to reduce readmissions by 10% within the next 6 months."
110006,GA,Hip/Knee Replacement,HIGH,URGENT: Strengthen post-surgical care coordination. Add physical therapy follow-up within 5 days.,1.5095,50923.0,92.5,150.35,50.94,1,"Hospital 110006 in Georgia has a concerning readmission rate of 150.35% compared to the national average, resulting in an estimated penalty cost of $50,923. This is a significant deviation from the national average, indicating a need for targeted interventions to improve patient outcomes and reduce unnecessary readmissions.","Implement a comprehensive care transition program for high-risk patients undergoing hip/knee replacement surgery, focusing on enhanced discharge planning, post-acute care coordination, and follow-up appointments within 7-10 days of discharge, with the goal of reducing readmissions by at least 10% within the next 6 months."
100287,FL,Hip/Knee Replacement,HIGH,URGENT: Strengthen post-surgical care coordination. Add physical therapy follow-up within 5 days.,1.4908,49054.0,90.9,148.49,49.08,2,"Hospital 100287 in Florida has a concerning readmission rate of 148.49% compared to the national average, translating to an excess readmission ratio of 1.4908, which is significantly higher than the national benchmark. This disparity may result in estimated penalty costs of $49,054, highlighting the need for targeted interventions to improve patient outcomes.","Implement a comprehensive care transition program, focusing on high-risk patients (Risk Tier: HIGH), with a specific emphasis on post-discharge follow-up phone calls, medication reconciliation, and patient education on self-management of pain and mobility. This initiative should aim to reduce readmissions by 10-15% within the next 6-9 months, aligning with the hospital's current improvement rate of 49.08%."
340040,NC,Hip/Knee Replacement,HIGH,URGENT: Strengthen post-surgical care coordination. Add physical therapy follow-up within 5 days.,1.4851,48484.0,90.4,147.92,48.51,1,"The hospital (Facility ID: 340040) in North Carolina has a significantly higher readmission rate compared to the national average, with a rate of 147.92% that is more than 47% higher than the national average. This is reflected in their Excess Readmission Ratio of 1.4851, indicating a substantial deviation from the national average.","To address this issue, the hospital leadership team should prioritize implementing a comprehensive care transition program that includes standardized discharge planning, post-discharge follow-up phone calls, and medication reconciliation to ensure patients receive necessary support and resources after hospital discharge, potentially targeting high-risk patients with a Risk Score above 80/100."
50551,CA,Hip/Knee Replacement,HIGH,URGENT: Strengthen post-surgical care coordination. Add physical therapy follow-up within 5 days.,1.4839,48364.0,90.3,147.8,48.39,1,"Hospital 50551 in California has a significantly higher readmission rate compared to the national average, with a rate of 147.8% that is more than 47% higher than the national average. This is reflected in their Excess Readmission Ratio of 1.4839, indicating a substantial gap in readmission performance that could result in estimated penalty costs of $48,364.","Implement a targeted, data-driven discharge planning program that focuses on high-risk patients undergoing hip/knee replacement surgery, with a specific emphasis on post-discharge follow-up and medication reconciliation, aiming to reduce readmission rates by at least 10% within the next 6 months."
390102,PA,Hip/Knee Replacement,HIGH,URGENT: Strengthen post-surgical care coordination. Add physical therapy follow-up within 5 days.,1.482,48174.0,90.2,147.61,48.2,1,"Hospital 390102 has a concerning readmission rate of 147.61% compared to the national average, resulting in an estimated penalty cost of $48,174. This excessive readmission rate is a significant concern, particularly given the hospital's high-risk tier and high risk score of 90.2/100.","Implement a targeted, evidence-based care transition program for high-risk patients undergoing hip/knee replacement surgery, focusing on post-discharge medication reconciliation, home health services, and patient education, with the goal of reducing readmissions by at least 10% within the next 6 months."
220105,MA,Hip/Knee Replacement,HIGH,URGENT: Strengthen post-surgical care coordination. Add physical therapy follow-up within 5 days.,1.4794,47915.0,90.0,147.35,47.94,3,"Hospital 220105 in Massachusetts has a significantly higher readmission rate compared to the national average, with a rate of 147.35% that is nearly 50% higher than the national average. This excessive readmission rate has resulted in an estimated penalty cost of $47,915, indicating a pressing need for improvement in their care delivery processes.","Implement a targeted transitional care program for high-risk patients undergoing hip/knee replacement surgery, focusing on enhanced discharge planning, post-acute care coordination, and medication management, with a goal of reducing readmissions by at least 10% within the next 6 months."
230277,MI,Hip/Knee Replacement,HIGH,URGENT: Strengthen post-surgical care coordination. Add physical therapy follow-up within 5 days.,1.4802,47994.0,90.0,147.43,48.02,1,"Hospital 230277 in Michigan has a significantly higher readmission rate compared to the national average, with a rate of 147.43% vs. the national average, indicating a higher likelihood of readmissions among their patients undergoing hip/knee replacement surgeries. This is reflected in their Excess Readmission Ratio of 1.4802, which is 48.02% higher than the national average, resulting in an estimated penalty cost of $47,994.","Implement a comprehensive discharge planning program that includes a standardized checklist for patients undergoing high-risk procedures like hip/knee replacement, focusing on post-discharge follow-up appointments, medication adherence, and wound care, with a goal of reducing readmissions by at least 5% within the next 6 months."
450104,TX,Hip/Knee Replacement,HIGH,URGENT: Strengthen post-surgical care coordination. Add physical therapy follow-up within 5 days.,1.4782,47795.0,89.9,147.23,47.82,1,"Hospital 450104 in Texas has a significantly higher readmission rate compared to the national average, with a rate of 147.23%, indicating a need for improvement in patient care transitions and post-discharge support. This hospital's readmission rate is 47.82% higher than its improvement rate, suggesting that while progress is being made, there is still a gap to be addressed.","Implement a comprehensive care transition program that includes standardized discharge instructions, patient education, and post-discharge follow-up calls or visits within 24-48 hours of discharge, targeting high-risk patients (Risk Tier: HIGH) to reduce readmissions by at least 10% within the next 6 months, thereby avoiding an estimated penalty cost of $47,795."
450587,TX,Hip/Knee Replacement,HIGH,URGENT: Strengthen post-surgical care coordination. Add physical therapy follow-up within 5 days.,1.4337,43347.0,86.1,142.8,43.37,2,"Hospital 450587 in Texas has a significantly higher readmission rate compared to the national average, with a rate of 142.8% vs. the national average, indicating a need for improvement in reducing unnecessary hospital readmissions. This is further exacerbated by an Excess Readmission Ratio of 1.4337, which suggests that the hospital is experiencing a higher-than-expected rate of readmissions.","Implement a standardized, evidence-based discharge planning process for high-risk patients undergoing hip/knee replacement surgery, focusing on enhanced patient education, medication reconciliation, and post-discharge follow-up care, with the goal of reducing readmissions by at least 10% within the next 6 months."
100126,FL,Hip/Knee Replacement,HIGH,URGENT: Strengthen post-surgical care coordination. Add physical therapy follow-up within 5 days.,1.4314,43117.0,86.0,142.57,43.13,3,"Hospital 100126 in Florida has a significantly higher readmission rate compared to the national average, with a rate of 142.57%, indicating a need for improvement in post-discharge care for patients undergoing hip/knee replacement surgeries. This excessive readmission rate results in an estimated penalty cost of $43,117, highlighting the financial implications of not addressing this issue.","Implement a comprehensive discharge planning program that includes a standardized checklist for patients undergoing hip/knee replacement surgeries, ensuring that all necessary post-discharge instructions, medication lists, and follow-up appointments are communicated to patients and their caregivers before discharge, with a goal of reducing readmissions by at least 20% within the next 6 months."
50300,CA,Hip/Knee Replacement,HIGH,URGENT: Strengthen post-surgical care coordination. Add physical therapy follow-up within 5 days.,1.427,42677.0,85.6,142.13,42.7,2,"Hospital 50300 in California has a significantly higher readmission rate for hip/knee replacement patients compared to the national average, with a rate of 142.13% that is 42.13% above the national average. This disparity translates to an estimated penalty cost of $42,677, highlighting the need for targeted interventions to improve patient outcomes and reduce readmissions.","Implement a Multidisciplinary Care Coordination (MCC) program for high-risk patients undergoing hip/knee replacement surgery, focusing on post-discharge follow-up and medication management. By dedicating a team of healthcare professionals to closely monitor and support patients during the critical post-acute period, hospital 50300 can potentially reduce readmissions by 10-15% within the next 6-9 months, based on national benchmarks and similar program implementations."
50030,CA,Pneumonia,HIGH,URGENT: Review antibiotic stewardship protocols. Ensure vaccination status documented at discharge.,1.4255,42527.0,85.5,142.34,42.55,1,"Hospital 50030 in California has a significantly higher readmission rate compared to the national average, with a rate of 142.34% that is 42.34% higher than the national average. This excess readmission ratio of 1.4255 indicates that the hospital is at a higher risk of facing penalties, with an estimated cost of $42,527.","Implement a targeted transitional care program for high-risk pneumonia patients, focusing on post-discharge follow-up visits and medication reconciliation within 7-10 days of discharge, to improve the improvement rate by at least 5% within the next 6 months, thereby reducing the excess readmission ratio and estimated penalty cost."
310038,NJ,CABG,HIGH,URGENT: Implement cardiac rehab referral at discharge. Schedule cardiology follow-up within 7 days.,1.4237,42347.0,85.3,142.12,42.37,1,"Hospital 310038 in New Jersey has a concerning readmission rate of 142.12% compared to the national average, indicating a significant excess readmission ratio of 1.4237, which may lead to substantial financial penalties. This high readmission rate is particularly alarming given the hospital's high-risk patient population, with a risk score of 85.3/100.","Implement a targeted transitional care program for high-risk patients undergoing CABG surgery, with a focus on post-discharge follow-up and medication management, aiming to reduce the readmission rate by at least 10% within the next 6 months, which could potentially save the hospital an estimated $4,234 (10% of $42,347)."
170185,KS,Hip/Knee Replacement,HIGH,URGENT: Strengthen post-surgical care coordination. Add physical therapy follow-up within 5 days.,1.4205,42028.0,85.0,141.49,42.05,1,"Hospital 170185 in Kansas has a significantly higher readmission rate compared to the national average, with a 141.49% increase, indicating a need for improvement in patient care transitions and post-discharge support. This hospital's readmission performance is particularly concerning, given its high risk tier and estimated penalty cost of $42,028.","Implement a standardized, evidence-based care transition program for patients undergoing hip/knee replacement surgery, focusing on medication reconciliation, follow-up appointment scheduling, and patient education on post-discharge self-care, with a goal of reducing the readmission rate by at least 20% within the next 12 months."
260179,MO,Hip/Knee Replacement,HIGH,URGENT: Strengthen post-surgical care coordination. Add physical therapy follow-up within 5 days.,1.4192,41898.0,84.9,141.36,41.92,1,"Hospital 260179 in Missouri has a readmission rate of 141.36% compared to the national average, indicating a significant excess in readmissions that could lead to financial penalties of $41,898. This hospital's high readmission rate is a concern, as it may indicate inadequate post-discharge care and support for patients undergoing hip/knee replacement surgeries.","Implement a comprehensive care transition program that includes regular follow-up phone calls, home visits, and medication reconciliation within 7-10 days post-discharge for high-risk patients (Risk Tier: HIGH), aiming to reduce readmissions by 5% within the next 6 months."
140082,IL,Hip/Knee Replacement,HIGH,URGENT: Strengthen post-surgical care coordination. Add physical therapy follow-up within 5 days.,1.4155,41528.0,84.6,140.99,41.55,2,"Hospital 140082 in Illinois has a significantly higher readmission rate compared to the national average, with a rate of 140.99%, indicating a need for improvement in post-discharge care. This excessive readmission rate results in an estimated penalty cost of $41,528, highlighting the importance of addressing this issue to optimize patient outcomes and reduce financial burdens.","Implement a comprehensive Care Transition Program (CTP) that includes in-person visits, phone calls, and electronic communication with patients within 24-48 hours of discharge, as well as coordination with community-based services, to reduce readmissions by 10% within the next 6 months."
370094,OK,Hip/Knee Replacement,HIGH,URGENT: Strengthen post-surgical care coordination. Add physical therapy follow-up within 5 days.,1.4128,41258.0,84.4,140.72,41.28,3,"Hospital 370094 in Oklahoma has a significantly higher readmission rate compared to the national average, with a rate of 140.72% that is 41.28% higher than the national improvement rate. This excessive readmission rate translates to an estimated penalty cost of $41,258, underscoring the need for targeted interventions to improve patient outcomes.","Implement a comprehensive, multidisciplinary care transition program that focuses on high-risk patients undergoing hip/knee replacement surgery, including in-person follow-up visits within 7-10 days post-discharge, medication reconciliation, and patient education on self-management of post-operative pain and complications."
50764,CA,Hip/Knee Replacement,HIGH,URGENT: Strengthen post-surgical care coordination. Add physical therapy follow-up within 5 days.,1.3938,39359.0,82.8,138.83,39.38,3,"Hospital 50764 in California has a significantly higher readmission rate compared to the national average, with a rate of 138.83% that is more than 38% higher than the national average. This excessive readmission rate has resulted in an estimated penalty cost of $39,359, underscoring the need for targeted interventions to improve patient outcomes.","Implement a comprehensive discharge planning program that includes a standardized checklist and a dedicated discharge coordinator, aiming to reduce readmissions by 15% within the next 6 months. This program should focus on high-risk patients (Risk Tier: HIGH) undergoing Hip/Knee Replacement, and should include regular follow-up phone calls, medication reconciliation, and patient education on post-operative care and warning signs of complications."
210057,MD,Hip/Knee Replacement,HIGH,URGENT: Strengthen post-surgical care coordination. Add physical therapy follow-up within 5 days.,1.3921,39189.0,82.7,138.66,39.21,1,"Hospital 210057 in Maryland has a concerning readmission rate of 138.66% compared to the national average, indicating a significant excess readmission ratio of 1.3921, which may lead to estimated penalty costs of $39,189. This performance ranks them #1 in the state, suggesting that while they may be the highest performer in Maryland, there is still room for improvement to align with national standards.","Implement a targeted care transition program, focusing on high-risk patients undergoing hip/knee replacement surgery, with a goal of reducing readmissions by 10% within the next 6 months. This program should include evidence-based interventions such as post-discharge phone calls, medication reconciliation, and patient education, as well as collaboration with community-based healthcare providers to ensure seamless care coordination."
230041,MI,CABG,HIGH,URGENT: Implement cardiac rehab referral at discharge. Schedule cardiology follow-up within 7 days.,1.388,38779.0,82.3,138.55,38.8,1,"Hospital 230041 in Michigan has a concerning readmission rate of 138.55% compared to the national average, resulting in an estimated penalty cost of $38,779 due to its Excess Readmission Ratio of 1.388. This performance indicates a significant need for improvement in reducing readmissions and aligning with national benchmarks.","Implement a targeted transitional care program for patients undergoing CABG surgery, focusing on high-risk patients (Risk Tier: HIGH) with a Risk Score above 80/100, to provide enhanced post-discharge support and reduce readmissions by 10% within the next 6 months, leveraging the hospital's current 38.8% improvement rate as a baseline for further growth."
370218,OK,Hip/Knee Replacement,HIGH,URGENT: Strengthen post-surgical care coordination. Add physical therapy follow-up within 5 days.,1.3858,38559.0,82.2,138.03,38.58,4,"Hospital 370218 has a concerning readmission rate of 138.03% compared to the national average, indicating a significant excess readmission ratio of 1.3858, which is likely contributing to an estimated penalty cost of $38,559. This performance ranks the hospital #4 in the state, suggesting that there is room for improvement to match or surpass the top-performing facilities in Oklahoma.","Implement a targeted, data-driven discharge planning program that focuses on high-risk patients undergoing hip/knee replacement surgery, with a specific emphasis on post-discharge follow-up and medication management. This program could be designed to reduce the risk score by 10-15 points within the next 6-12 months, resulting in a potential reduction of 20-30 readmissions and a corresponding decrease in estimated penalty costs."
180143,KY,Hip/Knee Replacement,HIGH,URGENT: Strengthen post-surgical care coordination. Add physical therapy follow-up within 5 days.,1.3861,38589.0,82.2,138.06,38.61,1,"Hospital 180143 in Kentucky has a significantly higher readmission rate compared to the national average, with a rate of 138.06% that is more than 38% higher than the national average. This excess readmission ratio of 1.3861 indicates a substantial gap in care quality that may be contributing to the estimated penalty cost of $38,589.","Implement a comprehensive care transition program that includes standardized discharge instructions, post-acute care coordination, and patient engagement strategies, targeting the 38.61% improvement rate to reduce readmissions and mitigate potential penalties."
10055,AL,Hip/Knee Replacement,HIGH,URGENT: Strengthen post-surgical care coordination. Add physical therapy follow-up within 5 days.,1.3851,38490.0,82.1,137.96,38.51,1,"Hospital 10055 in Alabama has a concerning readmission rate of 137.96% compared to the national average, resulting in an estimated penalty cost of $38,490. This high readmission rate is a significant deviation from the national average, indicating a need for targeted interventions to improve patient outcomes.","Based on the high risk tier and readmission rate, I recommend that the hospital leadership team implement a comprehensive care transition program, focusing on standardized discharge instructions, post-acute care coordination, and patient education, with a goal of reducing the readmission rate by at least 10% within the next 6 months."
310010,NJ,Hip/Knee Replacement,HIGH,URGENT: Strengthen post-surgical care coordination. Add physical therapy follow-up within 5 days.,1.3835,38330.0,82.0,137.8,38.35,1,"Hospital 310010 in New Jersey has a significantly higher readmission rate compared to the national average, with a rate of 137.8% that exceeds the national average by nearly 38%. This excessive readmission rate translates to an estimated penalty cost of $38,330, highlighting the need for targeted interventions to improve patient outcomes.","Implement a comprehensive, evidence-based care coordination program for high-risk patients undergoing hip/knee replacement surgery, focusing on post-discharge follow-up visits and medication management support, with the goal of reducing readmissions by at least 20% within the next 12 months."
100226,FL,Hip/Knee Replacement,HIGH,URGENT: Strengthen post-surgical care coordination. Add physical therapy follow-up within 5 days.,1.3833,38310.0,81.9,137.78,38.33,4,"Hospital 100226 in Florida has a significantly higher readmission rate compared to the national average, with a rate of 137.78%, indicating a need for improvement in post-discharge care for patients undergoing hip/knee replacement surgeries. This excess readmission ratio of 1.3833 is 38.33% higher than their improvement rate, suggesting that while efforts are being made, more targeted interventions are required to achieve substantial reductions in readmissions.","Implement a comprehensive care transition program that includes standardized discharge planning, patient education, and post-discharge follow-up care coordination, specifically targeting high-risk patients (Risk Tier: HIGH) with a score of 81.9/100, to reduce readmissions by at least 15% within the next 6 months, thereby avoiding estimated penalty costs of $38,310."
10033,AL,Hip/Knee Replacement,HIGH,URGENT: Strengthen post-surgical care coordination. Add physical therapy follow-up within 5 days.,1.3796,37940.0,81.6,137.41,37.96,2,"Hospital 10033 in Alabama has a significantly higher readmission rate compared to the national average, with a readmission rate of 137.41% and an Excess Readmission Ratio of 1.3796, indicating a need for improvement. This hospital's performance is particularly concerning given its high risk tier and estimated penalty cost of $37,940, which could be avoided with better outcomes.","Implement a comprehensive discharge planning program that includes a multidisciplinary team of healthcare professionals, such as nurses, social workers, and pharmacists, to conduct thorough patient assessments and develop personalized care plans that address the unique needs of high-risk patients, such as those undergoing hip/knee replacement surgeries. This program should also include regular follow-up phone calls and home visits to ensure patients are adhering to their treatment plans and address any potential issues before they lead to readmissions."
220116,MA,Hip/Knee Replacement,HIGH,URGENT: Strengthen post-surgical care coordination. Add physical therapy follow-up within 5 days.,1.3777,37750.0,81.5,137.22,37.76,4,"Hospital 220116 in Massachusetts has a significantly higher readmission rate compared to the national average, with a rate of 137.22%, indicating a need for improvement in post-operative care. This excess readmission ratio of 1.3777 is 37.77% higher than the national average, resulting in an estimated penalty cost of $37,750.","Implement a standardized, evidence-based discharge planning program that includes a comprehensive patient education component, focusing on pain management, wound care, and medication adherence, with a goal of reducing readmissions by at least 10% within the next 6 months. This program should be led by a multidisciplinary team, including physicians, nurses, and pharmacists, and should be closely monitored and evaluated for effectiveness."
220070,MA,Hip/Knee Replacement,HIGH,URGENT: Strengthen post-surgical care coordination. Add physical therapy follow-up within 5 days.,1.3754,37520.0,81.3,136.99,37.54,5,"Hospital 220070 in Massachusetts has a significantly higher readmission rate compared to the national average, with a rate of 136.99% indicating that they are readmitting patients at nearly 37% more than the national average. This excess readmission ratio of 1.3754 also translates to an estimated penalty cost of $37,520, highlighting the need for improvement in their care transitions and post-discharge support.","Implement a comprehensive Care Transition Program, specifically targeting high-risk patients undergoing hip/knee replacement surgery, with a focus on enhancing medication management, wound care, and post-operative follow-up appointments, aiming to reduce readmissions by at least 10% within the next 6 months, thereby improving the hospital's improvement rate by 5% and potentially saving $18,760 in estimated penalty costs."
50709,CA,Hip/Knee Replacement,HIGH,URGENT: Strengthen post-surgical care coordination. Add physical therapy follow-up within 5 days.,1.3751,37490.0,81.3,136.96,37.52,4,"Hospital 50709 in California has a significantly higher readmission rate compared to the national average, with a rate of 136.96%, indicating a need for improvement in post-surgical care for patients undergoing hip/knee replacement. This excessive readmission rate translates to an estimated penalty cost of $37,490, emphasizing the importance of addressing this issue to avoid financial penalties and improve patient outcomes.","Implement a comprehensive discharge planning program that includes a multidisciplinary team of healthcare professionals, including nurses, social workers, and pharmacists, to assess patients' individual needs and develop personalized care plans that address potential post-discharge complications, such as medication adherence, wound care, and follow-up appointments."
230002,MI,Hip/Knee Replacement,HIGH,URGENT: Strengthen post-surgical care coordination. Add physical therapy follow-up within 5 days.,1.3708,37060.0,80.9,136.54,37.08,2,"Hospital 230002 in Michigan has a significantly higher readmission rate compared to the national average, with a rate of 136.54% that exceeds the national average by a substantial margin. This excess readmission ratio of 1.3708 indicates that the hospital is experiencing a higher-than-expected rate of readmissions for patients undergoing hip/knee replacement surgery, resulting in an estimated penalty cost of $37,060.","Implement a comprehensive discharge planning program that includes a standardized, evidence-based checklist to ensure that all patients undergoing hip/knee replacement surgery receive a thorough review of their post-operative care instructions, medication management, and follow-up appointment scheduling before discharge, with a goal of reducing readmissions by at least 10% within the next 6 months."
420085,SC,Hip/Knee Replacement,HIGH,URGENT: Strengthen post-surgical care coordination. Add physical therapy follow-up within 5 days.,1.3648,36461.0,80.4,135.94,36.48,1,"Hospital 420085 in South Carolina has a significantly higher readmission rate compared to the national average, with a rate of 135.94%, indicating a potential need for improvement in post-discharge care. This is further supported by an Excess Readmission Ratio of 1.3648, which is 36.48% higher than the national average, suggesting that the hospital may be at risk for financial penalties.","Implement a comprehensive Care Transition Program (CTP) that includes standardized discharge planning, patient education, and post-discharge follow-up care, with a goal of reducing readmissions by at least 20% within the next 6-12 months."
100191,FL,Hip/Knee Replacement,HIGH,URGENT: Strengthen post-surgical care coordination. Add physical therapy follow-up within 5 days.,1.3631,36291.0,80.3,135.77,36.31,5,"The hospital (Facility ID: 100191) in Florida has a significantly higher readmission rate compared to the national average, with a rate of 135.77% indicating that they are readmitting patients at more than 35% higher frequency than the national average. This is reflected in their Excess Readmission Ratio of 1.3631, which is 36.31% higher than the national average, resulting in an estimated penalty cost of $36,291.","Implement a comprehensive transitional care program for patients undergoing hip/knee replacement surgery, focusing on post-discharge follow-up visits and medication reconciliation within 7-10 days of discharge, to reduce readmission rates by at least 10% within the next 6 months."
50030,CA,Heart Failure,HIGH,URGENT: Implement structured 7-day post-discharge phone follow-up. Studies show 20-25% readmission reduction.,1.3606,36041.0,80.1,135.86,36.06,1,"Hospital 50030 in California has a concerning readmission rate of 135.86% compared to the national average, indicating a significant excess readmission ratio of 1.3606. This performance is likely to result in a substantial estimated penalty cost of $36,041, emphasizing the need for targeted interventions to improve patient outcomes.","Implement a multidisciplinary care transition program for high-risk heart failure patients, focusing on standardized discharge planning, post-discharge follow-up, and medication reconciliation, with the goal of reducing the readmission rate by at least 10% within the next 6 months."
100051,FL,Hip/Knee Replacement,HIGH,URGENT: Strengthen post-surgical care coordination. Add physical therapy follow-up within 5 days.,1.3525,35231.0,79.4,134.71,35.24,6,"Hospital 100051 in Florida has a concerning readmission rate of 134.71% compared to the national average, indicating a significant excess readmission ratio of 1.3525. This performance is likely to result in a substantial estimated penalty cost of $35,231, emphasizing the need for targeted interventions to improve patient outcomes.","Implement a comprehensive care transition program that includes standardized discharge planning, post-discharge follow-up phone calls, and medication reconciliation to reduce the readmission rate by 10% within the next 6 months, aligning with the hospital's current improvement rate of 35.24%."
140208,IL,Hip/Knee Replacement,HIGH,URGENT: Strengthen post-surgical care coordination. Add physical therapy follow-up within 5 days.,1.3511,35091.0,79.3,134.57,35.11,4,"Hospital 140208 in Illinois has a concerning readmission rate of 134.57% compared to the national average, indicating a significant excess readmission ratio of 1.3511. This performance translates to an estimated penalty cost of $35,091, underscoring the need for targeted interventions to improve patient outcomes.","Implement a comprehensive care transition program, focusing on standardized discharge planning and post-acute care coordination for high-risk patients undergoing hip/knee replacement surgery. This program should include evidence-based tools, such as the Care Transitions Intervention (CTI) model, to ensure timely and effective communication between healthcare providers, patients, and caregivers, with a goal of reducing readmissions by at least 20% within the next 12 months."
140233,IL,Hip/Knee Replacement,HIGH,URGENT: Strengthen post-surgical care coordination. Add physical therapy follow-up within 5 days.,1.3518,35161.0,79.3,134.64,35.18,3,"Hospital 140233 in Illinois has a concerning readmission rate of 134.64% compared to the national average, indicating a significant excess readmission ratio of 1.3518, which may lead to estimated penalty costs of $35,161. This performance ranks the hospital #3 in the state, suggesting that there is potential for further improvement to achieve better patient outcomes.","Implement a targeted Transitional Care Program (TCP) to address the specific needs of high-risk patients undergoing hip/knee replacement, focusing on post-discharge medication management, wound care, and follow-up appointments, with the goal of reducing readmissions by at least 20% within the next 12 months."
390174,PA,Hip/Knee Replacement,HIGH,URGENT: Strengthen post-surgical care coordination. Add physical therapy follow-up within 5 days.,1.3441,34392.0,78.7,133.88,34.41,2,"Hospital 390174 in Pennsylvania has a concerning readmission rate of 133.88% compared to the national average, indicating a significant excess readmission ratio of 1.3441, which may lead to estimated penalty costs of $34,392. This performance ranks the hospital #2 in the state, suggesting that while there is room for improvement, they are ahead of their peers in addressing readmission issues.","Implement a targeted, data-driven discharge planning program that focuses on high-risk patients undergoing hip/knee replacement surgeries, aiming to reduce the readmission rate by 10% within the next 6 months, and allocate dedicated resources to ensure timely follow-up care and medication management post-discharge, potentially leveraging telehealth services to enhance patient engagement and support."
140011,IL,Hip/Knee Replacement,HIGH,URGENT: Strengthen post-surgical care coordination. Add physical therapy follow-up within 5 days.,1.3418,34162.0,78.5,133.65,34.18,5,"Hospital 140011 in Illinois has a significantly higher readmission rate compared to the national average, with a rate of 133.65% vs. 100%, indicating a substantial excess readmission ratio of 1.3418. This performance is likely contributing to a substantial estimated penalty cost of $34,162, highlighting the need for targeted interventions to improve patient outcomes.","Implement a comprehensive care transition program, focusing on high-risk patients undergoing hip/knee replacement surgery, to reduce readmissions by 10% within the next 6 months. This program should include standardized discharge planning, post-discharge follow-up phone calls, and patient education on medication management and wound care, with regular monitoring and adjustment of the program to optimize its effectiveness."
10078,AL,Hip/Knee Replacement,HIGH,URGENT: Strengthen post-surgical care coordination. Add physical therapy follow-up within 5 days.,1.3369,33672.0,78.1,133.16,33.69,3,"Hospital 10078 in Alabama has a concerning readmission rate of 133.16% compared to the national average, resulting in an estimated penalty cost of $33,672. This significant deviation from the national average indicates a need for targeted interventions to improve patient outcomes and reduce unnecessary readmissions.","Implement a standardized, evidence-based care transition program for patients undergoing hip/knee replacement surgery, focusing on post-discharge medication management, follow-up appointment scheduling, and patient education on self-care and symptom recognition. Specifically, consider partnering with a care coordination vendor to provide in-home visits and phone support to high-risk patients within 24-48 hours of discharge, aiming to reduce readmissions by at least 20% within the next 6 months."
150023,IN,Hip/Knee Replacement,HIGH,URGENT: Strengthen post-surgical care coordination. Add physical therapy follow-up within 5 days.,1.3349,33472.0,77.9,132.96,33.49,1,"Hospital 150023 in Indiana has a significantly higher readmission rate compared to the national average, with a rate of 132.96%, indicating a potential need for improvement in post-discharge care. This hospital's excess readmission ratio of 1.3349 is also above the national average, suggesting that they may be experiencing issues with patient readjustment and recovery after hip/knee replacement surgery.","Implement a comprehensive care transition program that includes a dedicated care coordinator, patient education, and post-discharge follow-up calls to reduce readmissions by 40% within the next 12 months. This program should target high-risk patients (Risk Score ≥ 80/100) and focus on improving medication adherence, wound care, and pain management to enhance patient outcomes and reduce unnecessary hospital readmissions."
60031,CO,Hip/Knee Replacement,HIGH,URGENT: Strengthen post-surgical care coordination. Add physical therapy follow-up within 5 days.,1.3313,33112.0,77.6,132.6,33.13,1,"The hospital with Facility ID 60031 in Colorado has a significantly higher readmission rate compared to the national average, with a rate of 132.6% that is more than 32% above the national average. This is reflected in their Excess Readmission Ratio of 1.3313, indicating that they are at risk of facing estimated penalties of $33,112.","Implement a targeted, data-driven discharge planning program that focuses on high-risk patients undergoing hip/knee replacement surgeries, aiming to reduce readmission rates by 10% within the next 6 months by improving post-discharge follow-up and medication adherence. This can be achieved by allocating additional resources to hire a dedicated care coordinator, enhancing patient education, and collaborating with community-based healthcare providers to ensure seamless transitions of care."
60112,CO,Hip/Knee Replacement,HIGH,URGENT: Strengthen post-surgical care coordination. Add physical therapy follow-up within 5 days.,1.3284,32823.0,77.4,132.31,32.84,2,"Hospital 60112 has a concerning readmission rate of 132.31% compared to the national average, indicating a significant excess of readmissions that may be contributing to the estimated penalty cost of $32,823. This performance is particularly notable given the hospital's high risk tier and high risk score of 77.4/100, suggesting that there may be opportunities to improve care coordination and reduce readmissions.","Implement a targeted discharge planning program for patients undergoing hip/knee replacement surgery, focusing on high-risk patients (Risk Tier: HIGH) with a risk score above 75/100, to ensure that they receive comprehensive education on post-operative care, medication management, and follow-up appointments, and that their caregivers are adequately prepared to support their recovery at home."
310012,NJ,Hip/Knee Replacement,HIGH,URGENT: Strengthen post-surgical care coordination. Add physical therapy follow-up within 5 days.,1.3278,32763.0,77.3,132.25,32.78,2,"Hospital 310012 in New Jersey has a concerning readmission rate of 132.25% compared to the national average, indicating a significant excess readmission ratio of 1.3278, which may lead to substantial financial penalties. This performance is particularly alarming given the hospital's high risk tier and high risk score of 77.3/100, suggesting that patients with complex conditions are at a higher risk of readmission.","Implement a comprehensive, evidence-based care transition program that targets high-risk patients undergoing hip/knee replacement surgery, focusing on enhanced discharge planning, post-acute care coordination, and postoperative follow-up appointments within 7-10 days of discharge, with the goal of reducing readmissions by at least 5% within the next 6 months."
